{
  "bounds_xyz": [
    [
      -1e-07,
      -100.00000010000035,
      -1.0000034106051316e-07
    ],
    [
      5000.0000001,
      100.0000001,
      4000.0000001
    ]
  ],
  "center_xyz": [
    2500.0,
    -1.7763568394002505e-13,
    1999.9999999999998
  ]
}