{
  "axis_length": 2693.505777187707,
  "start_junction": {
    "type": "WallJunction",
    "change_coordinates": [
      2500.0,
      0.0,
      0.0
    ],
    "change_face_normal": [
      -0.0,
      -0.0,
      -1.0
    ]
  },
  "end_junction": {
    "type": "WallJunction",
    "change_coordinates": [
      3910.1589926059014,
      -100.0,
      999.997534346075
    ],
    "change_face_normal": [
      0.0,
      -1.0,
      -0.0
    ]
  }
}